{"cameraMode":{"drawMode":0,"name":"Shaded","section":"Shading Mode"},"sceneLighting":false,"audioPlay":false,"sceneViewState":{"showFog":true,"showMaterialUpdate":false,"showSkybox":false,"showFlares":true,"showImageEffects":true,"showParticleSystems":true},"in2DMode":false,"pivot":{"x":0.9826110005378723,"y":3.3171770572662355,"z":5.503405570983887},"rotation":{"x":-0.007098617032170296,"y":0.8061989545822144,"z":-0.009674865752458573,"w":-0.5915242433547974},"size":0.44714346528053286,"orthographic":false}