{"cameraMode":{"drawMode":0,"name":"Shaded","section":"Shading Mode"},"sceneLighting":false,"audioPlay":false,"sceneViewState":{"showFog":true,"showMaterialUpdate":false,"showSkybox":false,"showFlares":true,"showImageEffects":true,"showParticleSystems":true},"in2DMode":false,"pivot":{"x":0.08122988045215607,"y":1.0934572219848633,"z":3.223176956176758},"rotation":{"x":0.0412801168859005,"y":0.7069557905197144,"z":-0.041404176503419879,"w":0.7048380970954895},"size":0.5988103151321411,"orthographic":false}